Amplitude (DN),Elevation (m)
227.00992,111.252897
226.5741,111.1031654
226.6639,110.9534338
227.26736,110.8037021
228.11644,110.6539705
228.85121,110.5042389
229.1548,110.3545073
228.82864,110.2047757
227.88109,110.0550441
226.5066,109.9053124
225.08032,109.7555808
224.13805,109.6058492
224.17169,109.4561176
225.26079,109.306386
226.9133,109.1566544
228.26863,109.0069227
228.67558,108.8571911
228.10246,108.7074595
227.02026,108.5577279
225.92236,108.4079963
225.17247,108.2582646
224.98996,108.108533
225.5727,107.9588014
226.85373,107.8090698
228.3025,107.6593382
229.04613,107.5096066
228.60155,107.3598749
227.2406,107.2101433
225.88745,107.0604117
225.37747,106.9106801
225.94763,106.7609485
227.24681,106.6112169
228.7403,106.4614852
229.85861,106.3117536
230.18755,106.162022
229.5519,106.0122904
228.20673,105.8625588
226.77539,105.7128272
225.96121,105.5630955
226.07823,105.4133639
227.0557,105.2636323
228.5271,105.1139007
230.08427,104.9641691
231.4264,104.8144375
232.3836,104.6647058
232.87036,104.5149742
232.94804,104.3652426
232.89336,104.215511
233.11603,104.0657794
233.89455,103.9160478
234.93942,103.7663161
235.45602,103.6165845
234.75406,103.4668529
232.95699,103.3171213
231.03369,103.1673897
230.0869,103.0176581
230.3854,102.8679264
231.17584,102.7181948
231.35806,102.5684632
230.4412,102.4187316
228.87483,102.269
227.54173,102.1192683
226.84291,101.9695367
226.48058,101.8198051
225.86671,101.6700735
224.83437,101.5203419
223.81415,101.3706103
223.3733,101.2208786
223.60979,101.071147
224.12491,100.9214154
224.43858,100.7716838
224.38982,100.6219522
224.17842,100.4722206
224.0485,100.3224889
224.09647,100.1727573
224.31711,100.0230257
224.71233,99.87329409
225.26326,99.72356248
225.96208,99.57383086
226.87444,99.42409924
228.04915,99.27436762
229.35333,99.12463601
230.34311,98.97490439
230.53412,98.82517277
229.7954,98.67544116
228.53346,98.52570954
227.23915,98.37597792
226.12192,98.2262463
225.06396,98.07651469
223.99893,97.92678307
223.06453,97.77705145
222.5767,97.62731984
222.70421,97.47758822
223.39595,97.3278566
224.35521,97.17812498
225.23442,97.02839337
225.7619,96.87866175
225.941,96.72893013
225.99213,96.57919852
226.17189,96.4294669
226.4961,96.27973528
226.87138,96.13000367
227.25183,95.98027205
227.8374,95.83054043
228.83786,95.68080881
230.08951,95.5310772
230.99323,95.38134558
231.03207,95.23161396
230.22948,95.08188235
229.21376,94.93215073
228.67722,94.78241911
228.8099,94.63268749
229.29729,94.48295588
229.65248,94.33322426
229.64418,94.18349264
229.39574,94.03376103
229.23718,93.88402941
229.33086,93.73429779
229.55902,93.58456618
229.56105,93.43483456
229.14078,93.28510294
228.52809,93.13537132
228.34204,92.98563971
229.06964,92.83590809
230.62495,92.68617647
232.23653,92.53644486
232.97638,92.38671324
232.46198,92.23698162
231.10074,92.08725
229.72209,91.93751839
228.91939,91.78778677
228.65414,91.63805515
228.47498,91.48832354
228.02281,91.33859192
227.32483,91.1888603
226.70607,91.03912868
226.43561,90.88939707
226.50856,90.73966545
226.78166,90.58993383
227.17143,90.44020222
227.74133,90.2904706
228.5195,90.14073898
229.33939,89.99100737
229.85454,89.84127575
229.82889,89.69154413
229.28673,89.54181251
228.53223,89.3920809
227.91475,89.24234928
227.751,89.09261766
228.31035,88.94288605
229.7243,88.79315443
231.7065,88.64342281
233.42648,88.49369119
233.88377,88.34395958
232.625,88.19422796
230.32817,88.04449634
228.33559,87.89476473
227.7891,87.74503311
228.73965,87.59530149
230.29974,87.44556988
231.34598,87.29583826
231.38226,87.14610664
230.59665,86.99637502
229.58293,86.84664341
228.79439,86.69691179
228.37657,86.54718017
228.18459,86.39744856
227.89415,86.24771694
227.27397,86.09798532
226.26575,85.9482537
225.05237,85.79852209
223.94064,85.64879047
223.26341,85.49905885
223.1949,85.34932724
223.84138,85.19959562
225.05101,85.049864
226.53603,84.90013238
227.89125,84.75040077
228.76474,84.60066915
228.88312,84.45093753
228.21619,84.30120592
226.92596,84.1514743
225.48938,84.00174268
224.50838,83.85201107
224.48936,83.70227945
225.48978,83.55254783
227.0509,83.40281621
228.47235,83.2530846
229.24266,83.10335298
229.33107,82.95362136
229.09291,82.80388975
228.98582,82.65415813
229.23402,82.50442651
229.71411,82.35469489
229.9261,82.20496328
229.30096,82.05523166
227.64545,81.90550004
225.41328,81.75576843
223.60327,81.60603681
223.0848,81.45630519
224.08487,81.30657358
226.0055,81.15684196
227.92789,81.00711034
229.1302,80.85737872
229.535,80.70764711
229.44568,80.55791549
229.34976,80.40818387
229.60925,80.25845226
230.38986,80.10872064
231.58061,79.95898902
232.85138,79.8092574
233.6873,79.65952579
233.73154,79.50979417
232.8606,79.36006255
231.20679,79.21033094
229.16225,79.06059932
227.31842,78.9108677
226.22885,78.76113608
226.15814,78.61140447
226.80196,78.46167285
227.44386,78.31194123
227.48495,78.16220962
226.84073,78.012478
226.0035,77.86274638
225.64204,77.71301477
226.03978,77.56328315
226.90675,77.41355153
227.62628,77.26381991
227.74911,77.1140883
227.25012,76.96435668
226.50458,76.81462506
225.95332,76.66489345
225.84808,76.51516183
226.06729,76.36543021
226.3479,76.21569859
226.4384,76.06596698
226.29163,75.91623536
226.05154,75.76650374
225.90314,75.61677213
226.04495,75.46704051
226.71106,75.31730889
228.04407,75.16757728
229.90012,75.01784566
231.8086,74.86811404
233.05972,74.71838242
233.20364,74.56865081
232.33159,74.41891919
231.00797,74.26918757
229.89534,74.11945596
229.4099,73.96972434
229.56662,73.81999272
230.11755,73.6702611
230.74902,73.52052949
231.08968,73.37079787
230.84012,73.22106625
229.87457,73.07133464
228.51651,72.92160302
227.47682,72.7718714
227.65685,72.62213978
229.45253,72.47240817
232.4849,72.32267655
235.63593,72.17294493
237.78653,72.02321332
238.35963,71.8734817
237.57143,71.72375008
236.08324,71.57401847
234.65126,71.42428685
233.85239,71.27455523
234.06183,71.12482361
235.2454,70.975092
236.81255,70.82536038
237.89703,70.67562876
237.85864,70.52589715
236.68909,70.37616553
235.02803,70.22643391
233.57445,70.07670229
232.66258,69.92697068
232.23047,69.77723906
232.12633,69.62750744
232.34526,69.47777583
233.07979,69.32804421
234.32385,69.17831259
235.85042,69.02858098
237.29996,68.87884936
238.48143,68.72911774
239.33409,68.57938612
239.80412,68.42965451
239.67307,68.27992289
238.76047,68.13019127
237.22607,67.98045966
235.7164,67.83072804
235.08379,67.68099642
235.81871,67.5312648
237.6279,67.38153319
239.55707,67.23180157
240.76054,67.08206995
241.15738,66.93233834
241.47522,66.78260672
242.50064,66.6328751
244.41951,66.48314348
246.77231,66.33341187
249.09569,66.18368025
251.50868,66.03394863
254.63405,65.88421702
258.98434,65.7344854
264.425,65.58475378
270.09003,65.43502217
274.9512,65.28529055
278.61642,65.13555893
281.45285,64.98582731
284.1822,64.8360957
287.12503,64.68636408
289.89825,64.53663246
291.69583,64.38690085
291.9462,64.23716923
290.54306,64.08743761
287.97604,63.93770599
285.08395,63.78797438
282.87808,63.63824276
282.1521,63.48851114
283.2036,63.33877953
285.51364,63.18904791
288.05786,63.03931629
289.87622,62.88958468
290.7373,62.73985306
290.9465,62.59012144
290.896,62.44038982
290.52536,62.29065821
289.511,62.14092659
287.6013,61.99119497
284.92834,61.84146336
281.7826,61.69173174
278.59323,61.54200012
275.8658,61.3922685
274.22437,61.24253689
274.1511,61.09280527
275.63507,60.94307365
277.9499,60.79334204
279.97882,60.64361042
280.69937,60.4938788
279.60803,60.34414719
276.78662,60.19441557
272.8292,60.04468395
268.63263,59.89495233
265.15942,59.74522072
263.10352,59.5954891
262.71667,59.44575748
263.74216,59.29602587
265.50287,59.14629425
267.0722,58.99656263
267.64594,58.84683101
267.0644,58.6970994
266.03638,58.54736778
265.71515,58.39763616
266.9353,58.24790455
269.64667,58.09817293
273.07513,57.94844131
276.3201,57.79870969
278.8772,57.64897808
280.685,57.49924646
282.006,57.34951484
283.07742,57.19978323
284.12714,57.05005161
285.30173,56.90031999
286.8574,56.75058838
289.1345,56.60085676
292.37088,56.45112514
296.2945,56.30139352
300.24142,56.15166191
303.4606,56.00193029
305.7731,55.85219867
307.77066,55.70246706
310.43176,55.55273544
314.43747,55.40300382
319.63495,55.2532722
324.9425,55.10354059
329.02518,54.95380897
331.17377,54.80407735
331.75394,54.65434574
331.81912,54.50461412
332.17545,54.3548825
332.60507,54.20515089
332.15112,54.05541927
330.06134,53.90568765
326.60938,53.75595603
322.9379,53.60622442
320.18927,53.4564928
318.6522,53.30676118
318.0315,53.15702957
318.06204,53.00729795
318.81107,52.85756633
320.2312,52.70783471
321.77942,52.5581031
322.55716,52.40837148
322.30518,52.25863986
321.6495,52.10890825
321.71704,51.95917663
323.1683,51.80944501
325.79367,51.65971339
328.6403,51.50998178
330.72324,51.36025016
331.2461,51.21051854
329.8296,51.06078693
326.45074,50.91105531
321.45462,50.76132369
315.49097,50.61159208
309.54645,50.46186046
304.77365,50.31212884
302.20084,50.16239722
302.06903,50.01266561
303.42374,49.86293399
304.47263,49.71320237
303.68335,49.56347076
300.7332,49.41373914
296.6365,49.26400752
292.95547,49.1142759
290.85886,48.96454429
290.51358,48.81481267
291.04675,48.66508105
291.1233,48.51534944
289.97382,48.36561782
288.10156,48.2158862
287.0466,48.06615459
288.2133,47.91642297
291.80103,47.76669135
296.66278,47.61695973
300.98663,47.46722812
303.12222,47.3174965
302.16516,47.16776488
298.21487,47.01803327
292.41562,46.86830165
286.55685,46.71857003
282.24368,46.56883841
279.9906,46.4191068
279.01505,46.26937518
277.8138,46.11964356
275.30933,45.96991195
271.5457,45.82018033
267.6069,45.67044871
264.67188,45.52071709
263.19986,45.37098548
262.5923,45.22125386
261.76584,45.07152224
260.0416,44.92179063
257.7484,44.77205901
255.84816,44.62232739
255.09099,44.47259578
255.2591,44.32286416
255.3719,44.17313254
254.66054,44.02340092
253.51546,43.87366931
253.43312,43.72393769
255.90895,43.57420607
261.04886,43.42447446
267.2263,43.27474284
272.1308,43.12501122
274.2318,42.9752796
273.45108,42.82554799
270.64877,42.67581637
266.7985,42.52608475
262.66788,42.37635314
258.98883,42.22662152
256.5185,42.0768899
255.74527,41.92715829
256.57996,41.77742667
258.34912,41.62769505
260.15762,41.47796343
261.14322,41.32823182
260.67374,41.1785002
258.479,41.02876858
254.98329,40.87903697
251.37381,40.72930535
249.18367,40.57957373
249.25676,40.42984211
251.11746,40.2801105
253.29333,40.13037888
254.51262,39.98064726
254.54778,39.83091565
254.0279,39.68118403
253.50586,39.53145241
252.96571,39.38172079
252.04341,39.23198918
250.59447,39.08225756
248.90231,38.93252594
247.38495,38.78279433
246.27043,38.63306271
245.48466,38.48333109
244.84103,38.33359948
244.17882,38.18386786
243.48769,38.03413624
242.77405,37.88440462
242.11372,37.73467301
241.57605,37.58494139
241.30322,37.43520977
241.2539,37.28547816
241.21843,37.13574654
240.77957,36.98601492
239.58597,36.8362833
237.51697,36.68655169
235.04558,36.53682007
233.05197,36.38708845
232.52017,36.23735684
233.77565,36.08762522
236.17145,35.9378936
238.33963,35.78816199
239.11736,35.63843037
238.10184,35.48869875
235.83148,35.33896713
233.32143,35.18923552
231.4934,35.0395039
230.7086,34.88977228
230.79816,34.74004067
231.3264,34.59030905
231.99953,34.44057743
232.88304,34.29084581
234.28015,34.1411142
236.34479,33.99138258
238.86809,33.84165096
241.24828,33.69191935
242.83435,33.54218773
243.30591,33.39245611
242.70253,33.24272449
241.24028,33.09299288
239.19998,32.94326126
236.97606,32.79352964
235.07678,32.64379803
233.9976,32.49406641
233.90164,32.34433479
234.59637,32.19460318
235.57939,32.04487156
236.3194,31.89513994
236.47652,31.74540832
236.14139,31.59567671
235.77544,31.44594509
235.91284,31.29621347
236.78737,31.14648186
238.28935,30.99675024
240.06381,30.84701862
241.6679,30.697287
242.74107,30.54755539
243.10977,30.39782377
242.90822,30.24809215
242.54665,30.09836054
242.4828,29.94862892
242.96397,29.7988973
243.92134,29.64916569
244.88171,29.49943407
245.09976,29.34970245
243.96976,29.19997083
241.52736,29.05023922
238.67917,28.9005076
236.7272,28.75077598
236.41205,28.60104437
237.27579,28.45131275
238.17294,28.30158113
238.31334,28.15184951
238.04428,28.0021179
238.35472,27.85238628
239.88632,27.70265466
242.29002,27.55292305
244.57974,27.40319143
245.84848,27.25345981
245.79863,27.10372819
244.58368,26.95399658
242.6901,26.80426496
240.86841,26.65453334
239.98042,26.50480173
240.66136,26.35507011
242.79274,26.20533849
245.35773,26.05560688
247.19385,25.90587526
247.82669,25.75614364
247.66107,25.60641202
247.40627,25.45668041
247.39441,25.30694879
247.45476,25.15721717
247.54623,25.00748556
247.97646,24.85775394
249.09445,24.70802232
250.6402,24.5582907
251.89053,24.40855909
252.25154,24.25882747
251.98128,24.10909585
251.93964,23.95936424
252.79535,23.80963262
254.2596,23.659901
255.32832,23.51016939
255.04245,23.36043777
253.26562,23.21070615
250.79376,23.06097453
248.6981,22.91124292
247.5637,22.7615113
247.24472,22.61177968
247.22903,22.46204807
247.15562,22.31231645
247.07867,22.16258483
247.26411,22.01285321
247.83896,21.8631216
248.60054,21.71338998
249.0833,21.56365836
248.89066,21.41392675
247.99025,21.26419513
246.75673,21.11446351
245.62851,20.96473189
244.71947,20.81500028
243.77136,20.66526866
242.4471,20.51553704
240.70596,20.36580543
238.83627,20.21607381
237.22,20.06634219
236.02399,19.91661058
235.31314,19.76687896
235.25682,19.61714734
236.1726,19.46741572
238.22751,19.31768411
241.20189,19.16795249
244.54912,19.01822087
247.6288,18.86848926
249.92229,18.71875764
251.10242,18.56902602
251.35344,18.4192944
251.4001,18.26956279
252.16862,18.11983117
253.88324,17.97009955
255.86424,17.82036794
256.9664,17.67063632
256.6918,17.5209047
255.44037,17.37117309
254.20372,17.22144147
253.68243,17.07170985
254.03868,16.92197823
254.91597,16.77224662
255.89954,16.622515
256.59778,16.47278338
256.84543,16.32305177
256.52637,16.17332015
255.46909,16.02358853
253.45372,15.87385691
250.5122,15.7241253
247.0789,15.57439368
243.89015,15.42466206
241.53137,15.27493045
240.09499,15.12519883
239.33531,14.97546721
238.89722,14.82573559
238.5093,14.67600398
237.98839,14.52627236
237.36278,14.37654074
236.86809,14.22680913
236.8601,14.07707751
237.45564,13.92734589
238.34323,13.77761428
238.91632,13.62788266
238.7054,13.47815104
237.68083,13.32841942
236.2548,13.17868781
235.00946,13.02895619
234.26991,12.87922457
233.95544,12.72949296
233.7964,12.57976134
233.71198,12.43002972
233.92554,12.2802981
234.65169,12.13056649
235.63348,11.98083487
236.28484,11.83110325
236.35234,11.68137164
236.21239,11.53164002
236.58624,11.3819084
237.89233,11.23217679
239.92279,11.08244517
242.04651,10.93271355
243.67053,10.78298193
244.38779,10.63325032
244.19504,10.4835187
243.42165,10.33378708
242.6102,10.18405547
242.23924,10.03432385
242.52211,9.884592232
243.2088,9.734860614
243.643,9.585128997
243.03685,9.43539738
241.06238,9.285665763
238.3965,9.135934146
236.51765,8.986202529
236.80244,8.836470912
239.37173,8.686739295
242.92702,8.537007678
245.69484,8.387276061
246.80185,8.237544444
246.77148,8.087812827
246.91118,7.93808121
248.15315,7.788349593
250.49068,7.638617975
253.16914,7.488886358
255.30432,7.339154741
256.37927,7.189423124
256.45142,7.039691507
255.9968,6.88995989
255.63562,6.740228273
255.70116,6.590496656
256.08273,6.440765039
256.3568,6.291033422
256.1711,6.141301805
255.37321,5.991570188
253.9181,5.841838571
251.74774,5.692106954
248.95448,5.542375336
246.07835,5.392643719
244.00749,5.242912102
243.38101,5.093180485
243.95961,4.943448868
244.76518,4.793717251
244.76582,4.643985634
243.61227,4.494254017
241.67966,4.3445224
239.63402,4.194790783
237.8946,4.045059166
236.60112,3.895327549
235.78157,3.745595932
235.54695,3.595864314
236.0086,3.446132697
237.0529,3.29640108
238.15457,3.146669463
238.65683,2.996937846
238.19951,2.847206229
237.07649,2.697474612
236.06349,2.547742995
235.99042,2.398011378
237.2305,2.248279761
239.60439,2.098548144
242.5099,1.948816527
245.29092,1.79908491
247.43652,1.649353293
248.73639,1.499621675
249.20682,1.349890058
249.06606,1.200158441
248.62206,1.050426824
248.13225,0.900695207
247.60226,0.75096359
246.74446,0.601231973
245.16536,0.451500356
242.79808,0.301768739
240.03493,0.152037122
237.59853,0.002305505
236.06372,-0.147426112
235.51338,-0.297157729
235.53891,-0.446889346
235.60478,-0.596620964
235.30348,-0.746352581
234.63107,-0.896084198
233.95816,-1.045815815
233.87755,-1.195547432
234.79472,-1.345279049
236.5666,-1.495010666
238.4108,-1.644742283
239.38023,-1.7944739
238.9265,-1.944205517
237.20131,-2.093937134
234.84915,-2.243668751
232.66228,-2.393400368
231.21724,-2.543131985
230.83966,-2.692863603
231.66832,-2.84259522
233.68883,-2.992326837
236.57951,-3.142058454
239.56474,-3.291790071
241.53743,-3.441521688
241.82466,-3.591253305
240.6072,-3.740984922
238.76704,-3.890716539
237.19803,-4.040448156
236.3445,-4.190179773
236.0978,-4.33991139
236.19058,-4.489643007
236.26147,-4.639374624
236.12128,-4.789106242
235.8553,-4.938837859
235.79575,-5.088569476
236.11891,-5.238301093
236.71042,-5.38803271
237.19139,-5.537764327
237.39023,-5.687495944
237.41708,-5.837227561
237.48729,-5.986959178
237.58862,-6.136690795
237.65166,-6.286422412
237.85153,-6.436154029
238.79626,-6.585885646
240.97255,-6.735617264
244.21332,-6.885348881
247.59862,-7.035080498
250.04182,-7.184812115
251.00316,-7.334543732
250.72093,-7.484275349
249.89764,-7.634006966
249.25938,-7.783738583
249.27026,-7.9334702
250.00502,-8.083201817
251.2453,-8.232933434
252.54143,-8.382665051
253.51978,-8.532396668
254.13358,-8.682128285
254.79073,-8.831859903
256.14532,-8.98159152
258.68158,-9.131323137
262.37335,-9.281054754
266.68185,-9.430786371
270.84656,-9.580517988
274.2969,-9.730249605
276.93863,-9.879981222
279.10983,-10.02971284
281.39566,-10.17944446
284.1092,-10.32917607
287.0305,-10.47890769
289.48422,-10.62863931
290.87534,-10.77837092
291.2204,-10.92810254
291.02393,-11.07783416
290.50653,-11.22756578
289.20898,-11.37729739
286.35062,-11.52702901
281.60898,-11.67676063
275.58008,-11.82649224
269.30392,-11.97622386
263.6499,-12.12595548
259.0404,-12.2756871
255.58014,-12.42541871
253.23767,-12.57515033
251.81665,-12.72488195
250.9033,-12.87461356
250.02914,-13.02434518
248.98685,-13.1740768
248.00616,-13.32380841
247.57487,-13.47354003
247.91998,-13.62327165
248.79495,-13.77300327
249.54199,-13.92273488
249.49583,-14.0724665
248.36342,-14.22219812
246.44887,-14.37192973
244.53885,-14.52166135
243.5126,-14.67139297
243.66946,-14.82112459
244.42134,-14.9708562
244.58371,-15.12058782
243.31583,-15.27031944
240.74925,-15.42005105
237.87964,-15.56978267
235.85251,-15.71951429
235.27107,-15.8692459
235.95442,-16.01897752
237.18669,-16.16870914
238.08316,-16.31844076
237.83603,-16.46817237
236.08438,-16.61790399
233.14798,-16.76763561
230.0468,-16.91736722
227.99083,-17.06709884
227.69643,-17.21683046
228.89053,-17.36656208
230.61754,-17.51629369
231.80704,-17.66602531
231.79019,-17.81575693
230.6201,-17.96548854
229.10751,-18.11522016
228.3674,-18.26495178
229.06645,-18.4146834
230.85039,-18.56441501
232.5968,-18.71414663
233.28395,-18.86387825
232.64949,-19.01360986
231.16632,-19.16334148
229.59784,-19.3130731
228.57709,-19.46280471
228.36357,-19.61253633
228.73286,-19.76226795
229.23701,-19.91199957
229.56099,-20.06173118
229.77971,-20.2114628
230.16542,-20.36119442
230.7848,-20.51092603
231.3098,-20.66065765
231.32817,-20.81038927
230.65248,-20.96012089
229.57587,-21.1098525
228.67497,-21.25958412
228.46921,-21.40931574
229.00307,-21.55904735
229.803,-21.70877897
230.10565,-21.85851059
229.50142,-22.0082422
228.28818,-22.15797382
227.35493,-22.30770544
227.47876,-22.45743706
228.68465,-22.60716867
230.15489,-22.75690029
230.94777,-22.90663191
230.7823,-23.05636352
230.15712,-23.20609514
229.7698,-23.35582676
229.7735,-23.50555838
229.6619,-23.65528999
228.94502,-23.80502161
227.77469,-23.95475323
226.87657,-24.10448484
226.779,-24.25421646
227.28891,-24.40394808
227.69925,-24.5536797
227.61665,-24.70341131
227.33905,-24.85314293
227.5596,-25.00287455
228.60745,-25.15260616
230.20348,-25.30233778
231.6556,-25.4520694
232.48878,-25.60180101
232.82347,-25.75153263
233.10275,-25.90126425
233.39056,-26.05099587
233.18262,-26.20072748
231.85857,-26.3504591
229.4692,-26.50019072
226.92986,-26.64992233
225.30357,-26.79965395
225.05055,-26.94938557
225.94815,-27.09911719
227.48405,-27.2488488
229.20354,-27.39858042
230.84294,-27.54831204
232.15009,-27.69804365
232.94109,-27.84777527
233.09842,-27.99750689
232.741,-28.1472385
232.11673,-28.29697012
231.57661,-28.44670174
231.28175,-28.59643336
231.22095,-28.74616497
231.16006,-28.89589659
230.99455,-29.04562821
230.79362,-29.19535982
230.78366,-29.34509144
231.0375,-29.49482306
231.35548,-29.64455468
231.35477,-29.79428629
230.95186,-29.94401791
230.47754,-30.09374953
230.35959,-30.24348114
230.6762,-30.39321276
231.08188,-30.54294438
231.13855,-30.692676
230.65793,-30.84240761
229.71242,-30.99213923
228.5417,-31.14187085
227.51361,-31.29160246
227.00972,-31.44133408
227.14328,-31.5910657
227.58354,-31.74079731
227.81479,-31.89052893
227.64264,-32.04026055
227.35239,-32.18999217
227.4775,-32.33972378
228.30061,-32.4894554
229.59001,-32.63918702
230.75182,-32.78891863
231.21622,-32.93865025
230.81723,-33.08838187
229.88586,-33.23811349
228.9318,-33.3878451
228.13553,-33.53757672
227.3033,-33.68730834
226.16057,-33.83703995
224.8938,-33.98677157
224.06776,-34.13650319
224.22504,-34.2862348
225.37201,-34.43596642
227.02586,-34.58569804
228.5698,-34.73542966
229.63849,-34.88516127
230.06506,-35.03489289
229.8101,-35.18462451
229.01431,-35.33435612
228.08948,-35.48408774
227.61708,-35.63381936
227.89444,-35.78355098
228.64102,-35.93328259
229.19838,-36.08301421
229.08154,-36.23274583
228.3523,-36.38247744
227.56152,-36.53220906
227.23978,-36.68194068
227.41325,-36.8316723
227.5125,-36.98140391
226.95975,-37.13113553
225.76181,-37.28086715
224.5465,-37.43059876
223.88017,-37.58033038
223.76958,-37.730062
223.8902,-37.87979361
224.13402,-38.02952523
224.66849,-38.17925685
225.51382,-38.32898847
226.37039,-38.47872008
226.86053,-38.6284517
227.05179,-38.77818332
227.31482,-38.92791493
228.01111,-39.07764655
229.1503,-39.22737817
230.46594,-39.37710979
231.54704,-39.5268414
232.18567,-39.67657302
232.36748,-39.82630464
232.24101,-39.97603625
232.02925,-40.12576787
231.92345,-40.27549949
231.98724,-40.4252311
232.11737,-40.57496272
231.98611,-40.72469434
231.2422,-40.87442596
229.88388,-41.02415757
228.32568,-41.17388919
227.19006,-41.32362081
226.82433,-41.47335242
227.03104,-41.62308404
227.2418,-41.77281566
226.99162,-41.92254728
226.24078,-42.07227889
225.44743,-42.22201051
225.2555,-42.37174213
226.08937,-42.52147374
227.87779,-42.67120536
230.036,-42.82093698
231.71948,-42.9706686
232.2732,-43.12040021
231.62244,-43.27013183
230.22253,-43.41986345
228.76357,-43.56959506
227.80788,-43.71932668
227.51735,-43.8690583
227.64468,-44.01878991
227.77045,-44.16852153
227.56116,-44.31825315
227.12349,-44.46798477
226.9669,-44.61771638
227.48346,-44.767448
228.47163,-44.91717962
229.286,-45.06691123
229.39873,-45.21664285
228.85803,-45.36637447
228.12225,-45.51610609
227.56151,-45.6658377
227.20439,-45.81556932
227.02365,-45.96530094
227.15886,-46.11503255
227.78983,-46.26476417
228.8854,-46.41449579
230.15056,-46.5642274
231.18263,-46.71395902
231.73238,-46.86369064
231.73529,-47.01342226
231.294,-47.16315387
230.71231,-47.31288549
230.37009,-47.46261711
230.43745,-47.61234872
230.65729,-47.76208034
230.51166,-47.91181196
229.72342,-48.06154358
228.62816,-48.21127519
227.96921,-48.36100681
228.27774,-48.51073843
229.4022,-48.66047004
230.58913,-48.81020166
231.11662,-48.95993328
230.74577,-49.1096649
229.7581,-49.25939651
228.57094,-49.40912813
227.55426,-49.55885975
226.87369,-49.70859136
226.68196,-49.85832298
227.0491,-50.0080546
227.95538,-50.15778621
229.1719,-50.30751783
230.34212,-50.45724945
231.04318,-50.60698107
231.12315,-50.75671268
230.75633,-50.9064443
230.24257,-51.05617592
229.70514,-51.20590753
228.90239,-51.35563915
227.59631,-51.50537077
225.94327,-51.65510239
224.55106,-51.804834
223.95721,-51.95456562
224.2013,-52.10429724
224.73848,-52.25402885
225.12022,-52.40376047
225.38205,-52.55349209
226.01952,-52.7032237
227.46024,-52.85295532
229.53668,-53.00268694
231.3876,-53.15241856
232.12073,-53.30215017
231.47914,-53.45188179
230.17166,-53.60161341
229.2913,-53.75134502
229.32184,-53.90107664
229.74426,-54.05080826
229.76343,-54.20053988
229.09053,-54.35027149
228.26859,-54.50000311
228.01962,-54.64973473
228.46515,-54.79946634
228.9295,-54.94919796
228.61804,-55.09892958
227.29767,-55.2486612
225.60999,-55.39839281
224.51239,-55.54812443
224.50702,-55.69785605
225.39812,-55.84758766
226.63773,-55.99731928
227.68956,-56.1470509
228.21777,-56.29678251
228.10081,-56.44651413
227.45377,-56.59624575
226.72438,-56.74597737
226.46513,-56.89570898
226.98822,-57.0454406
228.1503,-57.19517222
229.41397,-57.34490383
230.10472,-57.49463545
229.88867,-57.64436707
228.94586,-57.79409869
227.90201,-57.9438303
227.39221,-58.09356192
227.74944,-58.24329354
228.8639,-58.39302515
230.40805,-58.54275677
231.97192,-58.69248839
233.19258,-58.84222
233.74982,-58.99195162
233.54279,-59.14168324
232.70015,-59.29141486
231.5637,-59.44114647
230.45929,-59.59087809
229.64105,-59.74060971
229.30618,-59.89034132
229.57283,-60.04007294
230.15549,-60.18980456
230.45541,-60.33953618
229.97441,-60.48926779
228.94673,-60.63899941
228.2036,-60.78873103
228.43968,-60.93846264
229.59079,-61.08819426
231.02147,-61.23792588
232.03209,-61.3876575
232.25815,-61.53738911
231.69556,-61.68712073
230.58968,-61.83685235
229.33983,-61.98658396
228.32838,-62.13631558
227.79556,-62.2860472
227.73949,-62.43577881
228.00835,-62.58551043
228.36165,-62.73524205
228.53468,-62.88497367
228.33145,-63.03470528
227.67824,-63.1844369
226.57677,-63.33416852
225.28777,-63.48390013
224.35721,-63.63363175
224.40492,-63.78336337
225.69434,-63.93309499
227.85725,-64.0828266
230.04787,-64.23255822
231.48393,-64.38228984
231.72061,-64.53202145
230.82355,-64.68175307
229.34593,-64.83148469
228.08995,-64.9812163
227.61592,-65.13094792
227.91321,-65.28067954
228.4653,-65.43041116
228.83488,-65.58014277
229.0136,-65.72987439
229.24477,-65.87960601
229.64949,-66.02933762
230.07564,-66.17906924
230.27408,-66.32880086
230.18419,-66.47853248
229.94247,-66.62826409
229.63617,-66.77799571
229.26357,-66.92772733
228.8142,-67.07745894
228.47105,-67.22719056
228.51099,-67.37692218
229.00487,-67.52665379
229.67336,-67.67638541
230.13297,-67.82611703
230.1785,-67.97584865
229.91415,-68.12558026
229.58368,-68.27531188
229.30745,-68.4250435
229.03781,-68.57477511
228.60464,-68.72450673
227.94627,-68.87423835
227.21492,-69.02396997
226.74174,-69.17370158
226.75099,-69.3234332
227.27687,-69.47316482
228.14357,-69.62289643
229.10686,-69.77262805
229.89615,-69.92235967
230.34769,-70.07209129
230.45285,-70.2218229
230.45439,-70.37155452
230.69173,-70.52128614
231.34064,-70.67101775
232.23996,-70.82074937
232.94753,-70.97048099
233.02666,-71.1202126
232.39561,-71.26994422
231.404,-71.41967584
230.54214,-71.56940746
230.14505,-71.71913907
230.19814,-71.86887069
230.49902,-72.01860231
230.8268,-72.16833392
230.9646,-72.31806554
230.66196,-72.46779716
229.70958,-72.61752878
228.13783,-72.76726039
226.35684,-72.91699201
225.05916,-73.06672363
224.68695,-73.21645524
225.11954,-73.36618686
225.82071,-73.51591848
226.39595,-73.66565009
226.92397,-73.81538171
227.77075,-73.96511333
229.00842,-74.11484495
230.21837,-74.26457656
230.87538,-74.41430818
230.74078,-74.5640398
230.04378,-74.71377141
229.24507,-74.86350303
228.71117,-75.01323465
228.53528,-75.16296627
